{
  "bone_checks": {
    "Head": {
      "present": true,
      "length": 0.40000003576278687
    },
    "HumanoidRootPart": {
      "present": true,
      "length": 0.20000000298023224
    },
    "LeftFoot": {
      "present": true,
      "length": 0.18027758598327637
    },
    "LeftHand": {
      "present": true,
      "length": 0.15811386704444885
    },
    "LeftLowerArm": {
      "present": true,
      "length": 0.2499999701976776
    },
    "LeftLowerLeg": {
      "present": true,
      "length": 0.3499999940395355
    },
    "LeftUpperArm": {
      "present": true,
      "length": 0.3041381239891052
    },
    "LeftUpperLeg": {
      "present": true,
      "length": 0.30000001192092896
    },
    "LowerTorso": {
      "present": true,
      "length": 0.4000000059604645
    },
    "RightFoot": {
      "present": true,
      "length": 0.18027758598327637
    },
    "RightHand": {
      "present": true,
      "length": 0.15811386704444885
    },
    "RightLowerArm": {
      "present": true,
      "length": 0.2499999701976776
    },
    "RightLowerLeg": {
      "present": true,
      "length": 0.3499999940395355
    },
    "RightUpperArm": {
      "present": true,
      "length": 0.3041381239891052
    },
    "RightUpperLeg": {
      "present": true,
      "length": 0.30000001192092896
    },
    "UpperTorso": {
      "present": true,
      "length": 0.3999999761581421
    }
  },
  "vertex_group_checks": {
    "missing": [],
    "total": 16
  },
  "bounding_box": {
    "height_m": 1.568000078201294,
    "height_studs": 5.600000279290335
  }
}